<SimOperator>
	<country display="中国大陆" code="cn">
		<operator display="中国移动" name="China Mobile GSM" code="46000"/>
		<operator display="中国联通" name="China Unicom" code="46001"/>
		<operator display="中国电信" name="China Telecom" code="46003"/>
	</country>
	<country display="United States" code="us">
		<operator display="Verizon Wireless" name="Verizon Wireless" code="310004"/>
		<operator display="T-Mobile" name="T-Mobile" code="310200"/>
		<operator display="AT&T Wireless Inc." name="AT&T Wireless Inc." code="310560"/>
	</country>
	<country display="Portugal" code="pl">
		<operator display="Vodafone" name="Vodafone" code="26801"/>
		<operator display="Optimus" name="Optimus" code="26803"/>
		<operator display="Lycamobile" name="Lycamobile" code="26804"/>
	</country>
	<country display="Россия" code="ru">
		<operator display="MTS" name="MTS" code="25001"/>
		<operator display="Megafon" name="Megafon" code="25002"/>
		<operator display="NCC" name="NCC" code="25003"/>
	</country>
	<country display="Türkiye" code="tr">
		<operator display="Turkey Turkcell" name="Turkey Turkcell" code="28601"/>
		<operator display="Turkey Vodafone-Telsim" name="Turkey Vodafone-Telsim" code="28602"/>
	</country>
	<country display="Việt Nam" code="vn">
		<operator display="Mobifone" name="Mobifone" code="45201"/>
		<operator display="Vinaphone" name="Vinaphone" code="45202"/>
		<operator display="S-Fone/Telecom" name="S-Fone/Telecom" code="45203"/>
		<operator display="Viettel Mobile" name="Viettel Mobile" code="45204"/>
	</country>
	<country display="ประเทศไทย" code="th">
		<operator display="Hutch/CAT CDMA" name="Hutch/CAT CDMA" code="52000"/>
		<operator display="Total Access" name="Total Access" code="52005"/>
	</country>
	<country display="Indonesia" code="id">
		<operator display="PT Pasifik Satelit Nusantara" name="PT Pasifik Satelit Nusantara" code="51000"/>
		<operator display="Indosat/Satelindo/M3" name="Indosat/Satelindo/M3" code="51001"/>
		<operator display="PT Telkom" name="PT Telkom" code="51007"/>
		<operator display="Axis/Natrindo" name="Axis/Natrindo" code="51008"/>
	</country>
	<country display="대한민국" code="kr">
		<operator display="KT Freetel Co. Ltd." name="KT Freetel Co. Ltd." code="45002"/>
		<operator display="SK Telecom" name="SK Telecom" code="45003"/>
	</country>
</SimOperator>